name;title_article
Müntze;River - library for incremental machine learning on streaming data
Alexey;QlikView data transformation and model construction
Thomas Ngandwe;Creating new features to improve the quality of machine learning
Ben;AI learns your mood or Perception for Autonomous Systems in action
Eric;Gradient boosting with CatBoost (part 2/3)
Klampfenhansi;Text analysis by means of the Stanza library
Müntze;Clustering of clients. Analysis of the client's personality
Alexey;Data visualization using the Dash web framework
Thomas Ngandwe;AI learns your mood or Perception for Autonomous Systems in action
Ben;Gradient boosting with CatBoost (part 2/3)
Eric;Text analysis by means of the Stanza library
Klampfenhansi;Clustering of clients. Analysis of the client's personality
